common_neighbors,resource_allocation_index,jaccard_coefficient,adamic_adar_index,preferential_attachment,label
138,1.1069231092900909,0.552,28.352271065288217,37060,1
58,0.47956491624881437,0.42028985507246375,12.008986287233297,9163,1
14,0.3786351521456197,0.18421052631578946,3.7810744545633246,1829,1
65,1.0708827563638206,0.6132075471698113,15.676649611770515,7298,1
21,0.5440700779089301,0.09210526315789473,5.65489248896105,4994,1
52,0.5075394108501912,0.3023255813953488,11.07840069758544,11388,1
138,0.819381441250975,0.7040816326530612,26.84578302130446,27789,1
110,0.9846954120647721,0.6547619047619048,23.18077901317049,19305,1
162,1.0147719357515292,0.7431192660550459,31.812951470309088,35811,1
68,0.5066785710467113,0.38636363636363635,13.723608632619534,14883,1
20,0.2764379063502142,0.25,4.634772833847285,2176,1
51,0.5625838828227194,0.4322033898305085,11.131273189371969,7084,1
63,0.4539312207679576,0.3230769230769231,12.632269000798429,16241,1
36,0.4644023825589802,0.2553191489361702,8.21040661043454,5670,1
40,0.5954010723790417,0.41237113402061853,9.400970366856058,4602,1
129,0.7789208099967326,0.6323529411764706,25.14798529638449,27216,1
7,0.15692546394966855,0.11290322580645161,1.7714985090824922,950,1
9,0.48795654828263524,0.13043478260869565,3.009541471539536,945,1
46,0.5930296476895558,0.5542168674698795,10.504399746703776,4028,1
67,0.39755286633676123,0.44370860927152317,13.027747688987022,10585,1
120,1.107199589847379,0.6896551724137931,25.449741680621624,21353,1
12,0.2741913720543351,0.2608695652173913,3.081683489409576,585,1
79,1.5284747156541052,0.316,19.701158582422483,23154,1
16,0.3360104793507461,0.2191780821917808,3.9905268976830985,1974,1
7,0.15305356329718256,0.18421052631578946,1.7783962056767078,350,1
85,0.6602747250541006,0.3811659192825112,17.34562179194221,22491,1
17,0.4896009097186038,0.3333333333333333,4.711460322815988,1035,1
111,1.0137295411597018,0.6646706586826348,23.496744787730286,19257,1
51,0.37252024487803725,0.2897727272727273,10.25755168831298,11692,1
15,0.8203593616538037,0.9375,5.080597356716538,240,1
16,0.15069142134030947,0.14545454545454545,3.3743245389748995,3713,1
73,0.5838675197566223,0.3230088495575221,14.97112835961454,19698,1
90,0.8196407798604614,0.45685279187817257,18.82418067760485,20086,1
18,0.40824389976287134,0.022900763358778626,4.662919753405269,14148,1
177,1.1114812509405554,0.8349056603773585,34.7939421710895,37788,1
55,0.5249633317420075,0.35714285714285715,11.705988699704779,10710,1
14,0.19123713822744642,0.28,3.1863334094998033,1023,1
146,0.9210538083033535,0.7121951219512195,28.676536120391606,30494,1
36,0.5045403853746089,0.37894736842105264,8.35433639613945,4200,1
130,1.0847637851961012,0.5138339920948617,26.930095133832346,34020,1
56,0.4015518989143967,0.2962962962962963,11.225366390043513,14500,1
93,0.6838905965094003,0.49732620320855614,18.808364146896462,19276,1
43,0.5598756875583295,0.39090909090909093,9.83305403422026,5040,1
78,0.6919444607132095,0.5064935064935064,16.32728802082038,13447,1
5,0.30426880811496193,0.2631578947368421,1.735429027017571,144,1
17,0.4111044625536486,0.32075471698113206,4.445706325323319,1000,1
14,0.3013776031439828,0.17721518987341772,3.5968123539350443,1742,1
124,0.7374047407246926,0.5961538461538461,24.122399634660148,26595,1
3,0.03515318195708228,0.047619047619047616,0.668212980438281,765,1
37,0.4212558849670856,0.36633663366336633,8.13438645150535,4232,1
94,0.7917343191772088,0.5802469135802469,19.58122671775387,15808,1
22,0.43586283698696093,0.4230769230769231,5.548480041532272,1360,1
169,1.0608021552429097,0.8164251207729468,33.20446358048961,35263,1
16,0.3656467074184315,0.3333333333333333,4.080940074453734,903,1
170,1.0857500896039,0.8018867924528302,33.504280384721675,36360,1
28,0.5024100823655895,0.25,6.7250071734982315,3604,1
72,0.4122929568742425,0.48322147651006714,13.903939290222437,12190,1
27,0.2754745695882568,0.20300751879699247,5.800102458916513,5175,1
8,0.14533708201257575,0.20512820512820512,1.933476316049875,396,1
143,0.8746457642001721,0.6842105263157895,27.975076682246108,30015,1
14,0.26259706392167864,0.15217391304347827,3.4150285154684683,2613,1
17,0.34378736626045686,0.4594594594594595,4.277435323374513,713,1
163,1.0328295056124048,0.7990196078431373,32.06189908508459,33600,1
18,0.1852941471530264,0.1005586592178771,3.871015229758512,5412,1
114,1.1236956368234619,0.6745562130177515,24.439688132108838,19912,1
45,0.6292105761148781,0.5357142857142857,10.448965015766952,4148,1
48,0.4038360881017921,0.384,9.916444622017284,7480,1
21,0.34568853544594824,0.1826086956521739,4.993068388060971,4183,1
86,0.9196888316982959,0.5584415584415584,18.677657275043163,14396,1
49,0.4058874758386646,0.266304347826087,10.068530511982438,12166,1
22,0.21552896561203905,0.2018348623853211,4.676692503078299,4108,1
34,0.2775222366509262,0.2857142857142857,6.975165197850729,4860,1
45,0.4361581723096995,0.3629032258064516,9.594173266403214,7098,1
65,0.5718995581890822,0.35911602209944754,13.63360782321652,14229,1
9,0.12503767576335248,0.07258064516129033,2.060434316209178,2070,1
79,0.6601929197582346,0.44886363636363635,16.34622360953686,15950,1
129,0.7527805126628451,0.6825396825396826,25.022147560270867,25245,1
39,0.6753831303473296,0.43820224719101125,9.460944948284215,3900,1
13,0.33475612623829004,0.5416666666666666,3.397480807572966,330,1
43,0.4184618473253908,0.28104575163398693,9.091508673068468,7923,1
4,0.12423245614035089,0.08,1.0865120800111936,693,1
28,0.43012316515158183,0.224,6.534074124846513,4446,1
13,0.5563011371582689,0.48148148148148145,4.063008356610152,400,1
63,0.4815009936015725,0.245136186770428,12.812547218998406,20416,1
18,0.4508195313155702,0.3829787234042553,4.783212503782013,1044,1
20,0.4482921713570231,0.3333333333333333,5.159622542481763,1599,1
175,1.186345553859832,0.7446808510638298,34.72984029076262,41241,1
12,0.3078297304781752,0.3,3.22271865822694,640,1
33,0.4517908448168503,0.2391304347826087,7.602512554414916,6120,1
113,0.6660549657511268,0.5824742268041238,21.949040534936447,23550,1
25,0.4716072346774923,0.45454545454545453,6.236803863925975,1551,1
23,0.2765085032508311,0.27058823529411763,5.1492527553096625,2132,1
49,0.35827115922448755,0.24623115577889448,9.865474334687214,12012,1
42,0.7317876956137752,0.2896551724137931,10.150829816095564,8322,1
143,1.4113590302516739,0.13829787234042554,30.480417812624538,150526,1
21,0.38452678046369254,0.38181818181818183,5.197910215860304,1440,1
53,0.7064165594915193,0.4491525423728814,12.173355443787141,7298,1
50,0.37917221270368606,0.3125,10.132682468154586,10989,1
27,0.4212490208206898,0.2125984251968504,6.401316367765937,5760,1
86,0.782498773889434,0.581081081081081,18.12002748828699,13608,1
15,0.34492476117877546,0.2830188679245283,3.889543592556306,1012,1
95,0.812606285924459,0.4298642533936652,19.72737477209185,24820,1
59,0.42811571687258165,0.36645962732919257,11.882668411586598,11371,1
45,0.5635336000350485,0.4166666666666667,10.204777508524147,5546,1
97,0.7705614310661588,0.5449438202247191,19.860797578904307,18724,1
3,0.09918893129770992,0.057692307692307696,0.807801853701062,726,1
15,0.1864482494085012,0.13513513513513514,3.364557298887421,3825,1
19,0.18918392182133717,0.1623931623931624,4.046432877872689,2860,1
16,0.19822684883373867,0.08376963350785341,3.487689261124568,3906,1
48,1.342595138574394,0.5333333333333333,13.190210052955361,4725,1
32,1.1122350458609485,0.031007751937984496,9.483337534736778,34023,1
9,0.5880087621506385,0.3103448275862069,3.209985288882865,325,1
28,0.37291756711001306,0.27722772277227725,6.4089026898744335,4004,1
43,0.3789087281010701,0.27741935483870966,8.985284780364546,9225,1
156,1.3309580740842775,0.609375,32.48733987425793,41760,1
90,0.5016334206749166,0.5172413793103449,17.307125584773438,17388,1
20,0.2557365790497492,0.18018018018018017,4.419369714695787,2310,1
115,0.687948541304148,0.5897435897435898,22.397185669983642,23184,1
126,0.7427582566981781,0.6810810810810811,24.463702568501393,24160,1
5,0.09579380863502035,0.14285714285714285,1.20566792489315,400,1
117,1.2068891337744967,0.11315280464216634,24.883258286524136,123720,1
78,0.5675350937812813,0.46706586826347307,15.74048017073168,14994,1
20,0.2769464166700637,0.24691358024691357,4.596064136119208,1950,1
3,0.03210489993098689,0.02142857142857143,0.6441083091755659,1452,1
29,0.4039713856387921,0.32954545454545453,6.687461862939168,3420,1
4,0.09859006734006734,0.1111111111111111,1.0317478722447986,364,1
56,0.4574660416975697,0.34355828220858897,11.55543222670011,11988,1
35,0.6963140095762285,0.4861111111111111,8.83060024550714,2752,1
16,0.1692147541684407,0.07804878048780488,3.3556016084394393,4554,1
43,0.5588310753107085,0.40186915887850466,9.830028689201525,5049,1
18,0.4694440606722736,0.43902439024390244,4.860128719181902,870,1
4,0.09018100838479447,0.08695652173913043,0.99106404010481,624,1
126,0.7624456722593271,0.6268656716417911,24.591259717643407,25862,1
26,0.16325490419488237,0.15757575757575756,5.0810867294387165,7860,1
34,0.29618557442192256,0.3434343434343434,7.111892040771093,4266,1
6,0.16528160044505608,0.11320754716981132,1.6077498625030602,528,1
9,0.8186086042018246,0.6428571428571429,3.714199800808446,130,1
140,0.8384124636167466,0.6796116504854369,27.28329579421021,29529,1
33,0.5249676763745919,0.5789473684210527,7.855432323040756,1925,1
121,0.6987763706866811,0.6402116402116402,23.42563394690006,24024,1
50,0.609912198555316,0.3597122302158273,11.280088576121642,8930,1
16,0.21732609879301343,0.25,3.6431702370122694,1519,1
70,0.7057995024932544,0.5555555555555556,14.921292855158562,9504,1
8,0.1580388291295299,0.06666666666666667,1.9353537545300146,2800,1
10,0.7056929181929181,0.028985507246376812,3.7631090394975573,3450,1
131,0.8013516088753748,0.5670995670995671,25.617321465073584,31161,1
13,0.3336232738327295,0.26,3.43720327834174,752,1
54,0.441675539925175,0.3157894736842105,11.149641036169827,11324,1
12,0.15284900161356813,0.10810810810810811,2.707174805142946,3026,1
45,0.6547832275952159,0.5113636363636364,10.544120787853078,4410,1
83,0.6678947948222798,0.3672566371681416,17.054980642669353,20790,1
36,0.31653574070004087,0.25,7.494894499261133,7475,1
16,0.3746921724187354,0.2857142857142857,4.199198706002219,1196,1
30,0.23490210314331444,0.12048192771084337,6.117975655369751,18404,1
73,0.5189268581062313,0.35960591133004927,14.641550531621489,17748,1
31,0.5883649083680139,0.5166666666666667,7.731767855911392,1998,1
17,0.4275183664067904,0.2982456140350877,4.490900528633348,1288,1
153,0.9470246246670798,0.7427184466019418,29.9879376696318,32064,1
43,0.35846519321981535,0.39814814814814814,8.846193258098456,5694,1
110,0.6490317970665658,0.6043956043956044,21.372071108415405,20916,1
126,1.03250102829962,0.5163934426229508,26.002778181248008,34104,1
139,0.8527607261202785,0.7128205128205128,27.112034406960174,27825,1
86,0.7589511523115663,0.5584415584415584,17.960500334765392,14111,1
168,1.0597332168291025,0.8115942028985508,33.03894163709103,34946,1
79,0.689614103418904,0.3872549019607843,16.49486857550522,18130,1
22,0.24390011965905162,0.1476510067114094,4.779937948323628,5978,1
68,0.5864989432727619,0.422360248447205,14.216428037848845,13098,1
16,0.4304278878858346,0.3404255319148936,4.28732321574382,836,1
17,0.28481263056690365,0.21794871794871795,4.047315861370037,1950,1
19,0.33663670044738514,0.2159090909090909,4.565843948089774,2652,1
64,0.52278213551455,0.4266666666666667,13.17674134430317,11413,1
22,0.2773353462547606,0.205607476635514,4.97305495318521,3560,1
22,0.7164915108407167,0.4583333333333333,6.245844403491561,1176,1
109,0.63001758781716,0.5505050505050505,21.09889522025907,22080,1
6,0.1965131878870083,0.06818181818181818,1.689341385549817,840,1
169,1.0513741659794407,0.7788018433179723,33.181518186947834,37185,1
103,0.6048122486979163,0.5508021390374331,19.983167340435102,20125,1
22,0.45183322585911156,0.3793103448275862,5.581426136370995,1596,1
63,0.8504788653768887,0.4375,14.516216710074003,10706,1
30,0.24746826109476366,0.297029702970297,6.180369688381612,4108,1
50,0.3769483890177533,0.2717391304347826,10.125174233659417,10440,1
83,0.4729699691179763,0.4088669950738916,16.018110932360518,18333,1
29,0.3442905818437547,0.2815533980582524,6.4889588336788115,4352,1
102,0.8938557838303575,0.5425531914893617,21.40282808016891,20976,1
140,0.8297910618361304,0.6763285024154589,27.22904800693329,30090,1
29,0.5939330985070255,0.47540983606557374,7.378103558641736,1944,1
12,0.5004807738001295,0.42857142857142855,3.6801214921957195,375,1
49,0.6254753924841338,0.5268817204301075,11.190646172455562,5032,1
4,0.05090083957340595,0.025974025974025976,0.898421424787486,1752,1
81,0.46002993101912326,0.5159235668789809,15.624023191266785,14097,1
10,0.4618730136165472,0.37037037037037035,3.1414714030097515,312,1
38,0.5749354248446228,0.3917525773195876,8.961087938984202,4556,1
43,0.32183975299494166,0.37719298245614036,8.728574426174799,5460,1
15,0.36486278961249397,0.17045454545454544,3.926508144741895,1896,1
48,0.8174479188692685,0.061068702290076333,11.671727209187887,37728,1
13,0.37670721804583274,0.41935483870967744,3.580314019924768,468,1
116,0.6982103810382814,0.5065502183406113,22.579045138351184,27594,1
180,1.145855972526165,0.7758620689655172,35.450809128888835,42267,1
32,1.0986681446386743,0.031007751937984496,9.424322016475209,34023,1
43,0.5521510334190181,0.4574468085106383,9.708915352500197,4186,1
43,0.3204773679220848,0.2847682119205298,8.690771080516429,7473,1
1,0.0009699321047526673,0.008,0.14412784634351633,2448,1
1,0.021739130434782608,0.0009699321047526673,0.2611892565642242,1031,1
73,0.6031099648664844,0.5177304964539007,15.145222739356155,10873,1
17,0.48005398896638396,0.4722222222222222,4.70039948114794,672,1
150,0.9158380933118782,0.7281553398058253,29.280486333939713,31648,1
9,0.7319944631292837,0.8181818181818182,3.4856835967655715,99,1
55,0.5622476822514284,0.3273809523809524,11.774450504262228,10452,1
63,0.6391426396016094,0.3387096774193548,13.419525083553424,15368,1
156,0.966418873554018,0.7536231884057971,30.57971558194607,32852,1
25,0.40148017598654184,0.3333333333333333,5.946805321711463,2176,1
33,0.6226169719242793,0.3707865168539326,8.144556693254122,3720,1
67,0.5477242804865124,0.3850574712643678,13.866495676079255,14100,1
83,0.7819375685584572,0.3401639344262295,17.57221601951931,22040,1
79,0.61023913862922,0.3761904761904762,16.10804077785368,17688,1
18,0.7095127153354367,0.022900763358778626,5.482857531419022,14148,1
98,1.0465283643593963,0.5664739884393064,21.318446572321886,18088,1
26,0.6715471548182711,0.27956989247311825,6.979917976189697,3300,1
73,0.6148072523930153,0.36318407960199006,15.10105431172056,17400,1
105,0.7983814095052545,0.5965909090909091,21.363592922945266,19558,1
99,0.8807071933861076,0.41596638655462187,20.69539111058848,24360,1
93,0.5593608176990496,0.5470588235294118,18.106215955970864,16912,1
26,0.27256291975569136,0.29545454545454547,5.599865979296013,2765,1
191,1.9395991205194172,0.18489835430784124,40.8986096469899,198983,1
2,0.20183823529411765,0.10526315789473684,0.7800915717081236,90,1
15,0.3358761983797149,0.13043478260869565,3.8382906203720255,3696,1
21,0.1520593322174549,0.07984790874524715,4.211319083100185,13923,1
69,0.5813365068251346,0.43125,14.366585978566038,13110,1
46,0.41161876484478305,0.2929936305732484,9.645367910364518,9112,1
16,0.38947459292829695,0.23880597014925373,4.1205853412991775,1650,1
11,0.1530443150419997,0.21153846153846154,2.518331378930535,980,1
14,0.49094718374175794,0.5384615384615384,4.0813146019114015,396,1
27,0.4285973713200355,0.11392405063291139,6.434096039433784,8399,1
64,0.8329371189329597,0.5714285714285714,14.653020393574868,7644,1
61,0.39891456964707694,0.3160621761658031,12.058080071538575,15688,1
63,0.35982951050362627,0.33689839572192515,12.157903804587278,14469,1
54,0.4352324478142692,0.43548387096774194,11.13620310647168,7905,1
27,0.2298732725220204,0.225,5.538713802523061,4212,1
42,0.3393883627543894,0.3925233644859813,8.613844309571524,5494,1
36,0.525832621891105,0.3050847457627119,8.438717512782318,5904,1
23,0.43975137909118056,0.40350877192982454,5.758093040002302,1551,1
41,0.5441929594448783,0.4606741573033708,9.40257136668787,4216,1
156,0.9764783532266632,0.7464114832535885,30.62932382287348,33286,1
37,0.3894020036759903,0.49333333333333335,8.025329102217098,3132,1
111,0.6441165066477722,0.5692307692307692,21.491307331836737,22448,1
103,0.8227451924585055,0.44017094017094016,21.15664107134009,25942,1
106,0.6027706434456932,0.5888888888888889,20.450295049633503,20349,1
3,0.08956685204041669,0.13636363636363635,0.7875599498999097,156,1
118,0.6899875834346821,0.6020408163265306,22.884209749421554,23424,1
88,0.6841201254167503,0.43781094527363185,17.952821215150202,20880,1
11,0.3672070077690702,0.21568627450980393,3.120070018296537,792,1
4,0.06961071112075023,0.10256410256410256,0.9412115341296199,460,1
134,0.7963043718188096,0.6442307692307693,26.06228287173978,28512,1
180,1.1423308489581037,0.8530805687203792,35.43907032203163,38218,1
85,0.8550816967413253,0.3483606557377049,18.271837043542877,25728,1
24,0.35551136019426544,0.2608695652173913,5.63477796932939,3328,1
47,0.7620566137663066,0.34814814814814815,11.23645701938032,7552,1
98,0.7682246205324063,0.4336283185840708,20.03649916857991,25568,1
171,1.0925520691459256,0.8104265402843602,33.689713155525745,36477,1
20,0.36186159230583875,0.16,4.871839516974676,4794,1
28,0.9104057388580611,0.027158098933074686,8.0540944762064,28868,1
5,0.10642945297431408,0.10204081632653061,1.2476059287609653,473,1
3,0.45,0.0039946737683089215,1.5831316284855874,2253,1
20,0.22150226628712263,0.3448275862068966,4.403229969466762,1352,1
88,0.4934294917979598,0.55,16.93639988848425,15372,1
57,0.4776857405999044,0.4453125,11.862184046277633,8316,1
27,0.19690296976420552,0.2076923076923077,5.42125167839108,4602,1
60,0.43157166156430216,0.2955665024630542,12.073049403556944,14940,1
36,0.5316299031042766,0.3956043956043956,8.442253346455372,4012,1
7,0.15876330698681582,0.15217391304347827,1.758814637543901,360,1
115,0.668462717151772,0.5555555555555556,22.27193075735566,25192,1
82,0.4811204856300259,0.4270833333333333,15.905156444377893,16168,1
9,0.1903185960813483,0.15789473684210525,2.273780371904953,605,1
3,0.053769761917381816,0.01775147928994083,0.7403939676696227,507,1
135,0.8127459305393215,0.6852791878172588,26.32376073027333,27507,1
23,0.3865438308475907,0.2,5.505803056763877,3737,1
70,0.599310251243879,0.30434782608695654,14.620005361560754,19899,1
169,1.062405371823995,0.8086124401913876,33.213741214627746,35712,1
29,0.390652521920772,0.47540983606557374,6.668091492332965,1976,1
73,0.6236724688041941,0.48026315789473684,15.090300596245733,12584,1
24,0.18168870466355197,0.24,4.8715262895388,3828,1
125,0.7481603707346742,0.5434782608695652,24.345877679582873,31476,1
36,0.6166149033821162,0.4090909090909091,8.666598340256153,3840,1
1,0.001838235294117647,0.25,0.1587566371485117,4,1
15,0.5124337459225107,0.2542372881355932,4.2973896816898085,1113,1
23,0.5063782811694452,0.39655172413793105,5.904703307135483,1620,1
48,0.383298845615147,0.4444444444444444,9.866275782766518,6048,1
116,0.6874288286828034,0.5603864734299517,22.553921322818866,24522,1
44,0.9731661777820086,0.04267701260911736,11.2866011826151,45364,1
156,0.9707123831970148,0.5098039215686274,30.603132923205674,50225,1
21,0.7173316261931224,0.4375,6.080419828942781,1188,1
34,0.6055423673041506,0.2905982905982906,8.198430960303305,4998,1
39,0.4716358254117643,0.4875,8.77857414784296,3468,1
24,0.9543819238541399,0.8,7.3284350405395635,725,1
6,0.10739910101734668,0.1111111111111111,1.4296166522517662,819,1
41,0.3452303276370622,0.17672413793103448,8.473367054139334,10800,1
1,0.001272264631043257,0.010869565217391304,0.14999347245441422,1656,1
5,0.10506841360261496,0.13513513513513514,1.236604775559161,441,1
48,0.2959622240166332,0.2823529411764706,9.340561264903723,11592,1
12,0.407018505597662,0.3,3.2540042250867436,672,1
2,0.03448858833474218,0.03571428571428571,0.47620203668836836,616,1
29,0.4059590999725697,0.20422535211267606,6.718543425889914,6710,1
12,0.7062670652024872,0.015978695073235686,4.1888756649341445,9012,1
82,0.47260276489721986,0.5125,15.855448045999212,14616,1
12,0.2688285136030589,0.23076923076923078,3.0848244791576738,943,1
17,0.31899073057608124,0.2537313432835821,4.1440539644523176,1715,1
18,0.45541113209302647,0.12,4.750371923507654,6831,1
154,0.9314187768955821,0.77,30.06517849366138,31248,1
72,0.4110516310489114,0.3564356435643564,13.887701150043457,14800,1
73,0.5023583555546549,0.2908366533864542,14.570718997163809,19683,1
22,0.821613629890823,0.5116279069767442,6.580864872091958,1044,1
7,0.5974345785693991,0.3888888888888889,2.742418032582948,154,1
121,1.0898454155368291,0.6836158192090396,25.555085989568983,22192,1
65,0.44575269463514555,0.32338308457711445,12.959929011803444,16320,1
70,3.492203566604942,0.2028985507246377,22.698443822200158,24150,1
34,0.6870461813424367,0.2677165354330709,8.548868477323673,5610,1
3,0.09855378014499185,0.10344827586206896,0.8116595706891336,252,1
119,0.7150344668327925,0.664804469273743,23.148723116310627,22185,1
43,0.4256468465150208,0.172,9.201966084322857,16206,1
161,1.0246687573989617,0.7666666666666667,31.689439257883507,33948,1
40,0.3516129962624266,0.23952095808383234,8.294311636253777,10556,1
157,1.0367970072526627,0.7370892018779343,31.09562206365805,33969,1
48,0.3265831376639362,0.24615384615384617,9.546022123613072,11570,1
16,0.2564659628912306,0.1553398058252427,3.7655039175964142,3408,1
42,0.3593669406234876,0.23333333333333334,8.718594482520857,12065,1
20,0.40306200415561727,0.38461538461538464,5.068703129972695,1287,1
39,0.3124543353557224,0.2565789473684211,8.037491860417743,7314,1
30,0.37670333157872654,0.375,6.786732680870984,3009,1
11,0.16751358321093698,0.1506849315068493,2.5552406510639862,1664,1
161,1.0271778754192316,0.7155555555555555,31.661881301565405,36465,1
11,0.8018046770699325,0.4583333333333333,3.998946607180355,300,1
61,0.5174398939872172,0.4206896551724138,12.715384803032876,10593,1
10,0.24634571369293076,0.078125,2.4908757756754136,4757,1
97,0.5786107111549476,0.5511363636363636,18.866226617334007,18170,1
38,0.9039481793772728,0.3619047619047619,10.008233451084894,4930,1
2,0.03460559796437659,0.0425531914893617,0.4440075762496203,360,1
81,0.721572914352273,0.4602272727272727,17.037246359923063,16506,1
1,0.001272264631043257,0.0196078431372549,0.14999347245441422,507,1
28,0.6359493647107056,0.37333333333333335,7.25960707630872,2632,1
16,0.20705833032559243,0.17204301075268819,3.595616040298649,2880,1
32,0.4555061602581779,0.27350427350427353,7.476900087261153,5460,1
22,0.2754941658562455,0.17054263565891473,4.808232173711807,3444,1
74,0.5122221096362614,0.34101382488479265,14.785825807695304,21060,1
29,0.3539821797612449,0.19078947368421054,6.387328865968901,7638,1
75,0.6065388296315458,0.5067567567567568,15.499764903671567,12420,1
5,0.6253487253487253,0.009191176470588236,2.3834967401799263,2720,1
172,1.0937519045806636,0.7889908256880734,33.868646986810134,38025,1
23,0.5077043770081963,0.23469387755102042,5.926276406639408,3280,1
151,0.9165584142782514,0.7587939698492462,29.494810276722824,30544,1
10,0.20163465634554514,0.10416666666666667,2.4405817952514925,2553,1
16,0.47614806944273,0.3137254901960784,4.4360494683795775,1116,1
109,0.6386981033961787,0.5860215053763441,21.13832666093622,21684,1
25,0.2050687382143245,0.1724137931034483,5.148265960748398,5856,1
8,0.44006447533215765,0.4444444444444444,2.6734048158385457,153,1
154,0.9420428360606721,0.7475728155339806,30.10461595221954,32319,1
68,0.5684896005860222,0.6017699115044248,14.103599450689181,8184,1
152,0.9459722974565181,0.7378640776699029,29.819035099314576,32025,1
111,0.6647042690924385,0.5606060606060606,21.61035904255461,23630,1
47,0.6721187977329536,0.3219178082191781,10.941612639938885,8760,1
4,0.158396832689548,0.18181818181818182,1.1297772560347599,169,1
111,1.3248608002237314,0.6453488372093024,24.442407315700372,19912,1
3,0.12789855072463768,0.1875,0.8924765354110558,48,1
29,0.4548048018057075,0.23387096774193547,6.880972732323653,5472,1
4,0.02652210699769835,0.05970149253731343,0.7635083161034573,988,1
47,0.4032214956688057,0.21363636363636362,9.780852360632911,10512,1
21,0.30946176541500175,0.3387096774193548,4.889079050780452,1482,1
63,0.5093621837288315,0.3772455089820359,13.005219218113373,13056,1
61,0.44005017977964106,0.35260115606936415,12.269762821978771,13520,1
24,0.4542396033088507,0.42105263157894735,5.978675872422279,1568,1
50,0.8131304883952771,0.04844961240310078,11.735720539216628,52581,1
21,0.16006284177695537,0.16666666666666666,4.263416917405033,4752,1
80,0.6812948208076679,0.5405405405405406,16.669625521248573,12707,1
94,0.5732893815586728,0.47,18.353791180122574,19584,1
133,0.9240537207098998,0.1768617021276596,26.462607380359568,100634,1
18,0.30214986986362347,0.13636363636363635,4.135306911485828,3509,1
82,0.48114931582396875,0.41,15.892871874319916,17672,1
85,0.6529609838321927,0.4146341463414634,17.289145001215665,20184,1
171,1.112638484374194,0.5394321766561514,33.808290174257245,57687,1
28,0.4093663207878299,0.3888888888888889,6.5398260520670215,2356,1
6,0.14268375121230797,0.17142857142857143,1.522240845832858,414,1
21,0.9021647669564998,0.9130434782608695,6.634259793629493,483,1
63,0.5481645429260229,0.38414634146341464,13.172240673283532,12772,1
11,0.2080186705216735,0.171875,2.679987997041379,1350,1
78,0.5862488652500637,0.4727272727272727,15.834746679493307,14706,1
50,0.3643803980846236,0.28735632183908044,10.09502594230087,11520,1
68,0.6403085772830439,0.37988826815642457,14.461293711652045,13272,1
52,0.855306807432856,0.37681159420289856,12.370320301604428,8961,1
96,0.8983106359416982,0.6075949367088608,20.365756033017668,16113,1
62,0.3890023234627232,0.34444444444444444,12.110209531652693,13197,1
9,0.13781162046073311,0.23684210526315788,2.0681328147831044,552,1
15,0.330023368210988,0.17045454545454544,3.867552516701168,2310,1
133,0.8309630877390466,0.5732758620689655,26.099023006541334,33196,1
23,0.6606204352700309,0.5897435897435898,6.369589054845157,945,1
27,0.23713767830028254,0.17307692307692307,5.632105041525754,6480,1
56,0.775065333562329,0.3708609271523179,12.989230533082315,10670,1
14,0.30767153587712265,0.21212121212121213,3.5864537385646837,1584,1
14,0.18336835367360602,0.13333333333333333,3.187028800643312,2890,1
4,0.05891533840314928,0.06779661016949153,0.9066139016977678,936,1
71,0.515458398050447,0.3901098901098901,14.318184175950496,15246,1
134,0.7987413853694246,0.7052631578947368,26.098323140628576,25955,1
28,0.6212323507598813,0.3076923076923077,7.262233270288236,3234,1
18,0.2307526765124326,0.08955223880597014,4.056504733787948,11978,1
20,0.30914178685194954,0.13986013986013987,4.528119407298891,3220,1
1,0.001838235294117647,0.08333333333333333,0.1587566371485117,36,1
134,0.8391414088385517,0.6473429951690821,26.252365401478862,28764,1
7,0.22759117270625642,0.09859154929577464,1.8910536611532298,1400,1
91,0.675335633105223,0.5,18.428725291728036,18326,1
40,0.300014191962484,0.24096385542168675,8.106163198822482,10573,1
22,0.7576565272272785,0.46808510638297873,6.381930701755888,1178,1
14,0.14623953461644454,0.06698564593301436,2.9972030882458056,8526,1
22,0.49354693307043906,0.3188405797101449,5.710443793865417,1728,1
10,0.34632807668521953,0.14925373134328357,2.892703204906413,1462,1
21,0.6061982600110253,0.3387096774193548,5.778812262788359,1380,1
28,0.6170467646667186,0.3835616438356164,7.182981926943717,2244,1
6,0.17017833045912917,0.07692307692307693,1.5807946389141734,1035,1
35,0.486949045859225,0.5072463768115942,8.100393924180297,2703,1
8,0.8634962863223733,0.13114754098360656,3.486036111605202,488,1
61,0.4261868241364014,0.24206349206349206,12.209145496900645,22236,1
73,0.5044757307122518,0.37055837563451777,14.574657006706582,17000,1
123,0.7503126591981182,0.615,24.00470423481021,26010,1
12,0.29373478323485425,0.24489795918367346,3.180020849595353,690,1
34,0.2646679392661256,0.2786885245901639,6.913552602751517,5984,1
34,0.46002876352589406,0.3238095238095238,7.819776807640429,4590,1
170,1.0619902928390947,0.7870370370370371,33.37922529489937,37224,1
100,0.585301147656334,0.4854368932038835,19.376848785150177,21200,1
9,0.4716826291935965,0.6923076923076923,2.906902633810299,120,1
170,1.0483126907985671,0.8018867924528302,33.31131907662094,36480,1
19,0.34425521269827786,0.2261904761904762,4.645549837262662,1840,1
3,0.05148615629354322,0.09090909090909091,0.6703191382798179,260,1
51,0.9067621696298775,0.0648854961832061,12.525316672446614,40086,1
22,0.6095210904350238,0.3013698630136986,5.984099418497645,1794,1
59,0.4737751830585994,0.3959731543624161,12.142011691058222,10240,1
42,0.5801589458676851,0.42424242424242425,9.719045731273269,4964,1
21,0.45789062452991997,0.30434782608695654,5.382005698169803,1800,1
64,0.46695548139354276,0.31840796019900497,12.925435004495588,17400,1
76,1.3615556150313006,0.6608695652173913,18.71607650648061,8964,1
3,0.19144612258094312,0.5,0.9864849274663181,20,1
24,0.3577060266356094,0.17266187050359713,5.593390508397456,6402,1
90,0.5295476573438206,0.32142857142857145,17.436866559383418,33069,1
73,0.5911171742592098,0.38421052631578945,14.95980005032551,17020,1
2,0.04642447755929812,0.14285714285714285,0.4676432994921888,64,1
39,0.5625948612229732,0.2653061224489796,9.090731009513682,8165,1
153,0.9356083504806191,0.7216981132075472,29.92344477866958,33196,1
169,1.0789463200358216,0.8203883495145631,33.26739629773765,35156,1
83,0.7467436595666825,0.6102941176470589,17.46131966187335,11988,1
16,0.45902717648953595,0.27586206896551724,4.39256900776475,1113,1
1,0.001838235294117647,0.043478260869565216,0.1587566371485117,135,1
38,0.2587240749209804,0.19895287958115182,7.541727868916821,12460,1
172,1.068103416265547,0.8309178743961353,33.742484231361544,35800,1
7,0.07022324970660351,0.08860759493670886,1.4708108418044956,553,1
4,0.09215390714312054,0.047058823529411764,0.9904648327992265,1798,1
109,0.6351175589924226,0.6055555555555555,21.136191755668587,20538,1
69,0.6039470262297367,0.31221719457013575,14.452746371169892,18721,1
36,0.6205671765987227,0.5901639344262295,8.73361389944274,2280,1
40,0.2999881789293502,0.2597402597402597,8.029031822370815,8833,1
4,0.21067906452521834,0.3076923076923077,1.3123975504533014,52,1
23,0.6201410569011828,0.3898305084745763,6.251712662596411,1665,1
20,0.42585418801058605,0.2564102564102564,5.103846712929274,2232,1
20,0.5028139505411625,0.25,5.353809794804369,2176,1
1,0.125,0.047619047619047616,0.48089834696298783,117,1
44,0.6093535601755483,0.5365853658536586,10.186310037023462,3825,1
88,0.7353255040419555,0.38095238095238093,18.14565243599154,22360,1
18,0.3771792558657471,0.13432835820895522,4.545479442451789,4407,1
32,0.48536701091895484,0.4383561643835616,7.531300927735915,2546,1
63,0.4258474216053212,0.4090909090909091,12.529727409361435,11742,1
11,0.5638912472496783,0.1506849315068493,3.5611700440910456,1188,1
112,0.6763626646763745,0.6473988439306358,21.83122136424443,20304,1
60,0.4840424152816519,0.3870967741935484,12.255006404632214,11484,1
117,1.154631717586727,0.6724137931034483,25.02163865278678,20960,1
21,0.4903695454192762,0.2625,5.504519534969158,1738,1
176,1.1360569018100064,0.8110599078341014,34.74487045456261,38556,1
12,0.4583851052200542,0.0759493670886076,3.4957874452891975,1896,1
29,0.45501638507374814,0.25,6.779708210332481,4134,1
17,0.4101614523392096,0.20987654320987653,4.486863752524763,1501,1
14,0.37794036875454257,0.16666666666666666,3.773578412073179,2145,1
42,0.8626203436991182,0.5316455696202531,10.728377765551366,3588,1
70,0.3897084414388808,0.44025157232704404,13.454093837334579,12690,1
45,0.3863201703125847,0.3125,9.335159467987651,8874,1
27,0.2111007270059406,0.10975609756097561,5.488373749364411,17372,1
30,0.357476633933958,0.32608695652173914,6.709104603264151,3717,1
108,0.8457180335494223,0.5,22.088875339723334,25920,1
51,0.6746230795249955,0.4594594594594595,11.68861320920185,6497,1
81,0.6900179610545734,0.36,16.800571012157913,21105,1
15,0.21193638491496017,0.18292682926829268,3.443275107525453,1846,1
20,0.8439776324535759,0.8333333333333334,6.282468466168524,483,1
53,0.3569583557315193,0.2896174863387978,10.536686473389583,12628,1
25,0.3786012668690409,0.4716981132075472,5.861130953014474,1505,1
22,0.8467164516225322,0.43137254901960786,6.5195937878510914,1332,1
14,0.2630672004007294,0.13592233009708737,3.4380406533830272,3312,1
32,0.4005172348085462,0.24806201550387597,7.243104661157938,6138,1
2,0.07023809523809524,0.06896551724137931,0.5959243945068532,234,1
50,0.48022273399998444,0.25773195876288657,10.509457429975075,11520,1
25,0.3492956975359592,0.11904761904761904,5.7636736719012,13674,1
8,0.32491199675946697,0.007759456838021339,2.3118053818963284,8248,1
36,0.4396431502105085,0.45,8.028250132027251,3220,1
59,0.5066918732718431,0.24279835390946503,12.2367597597279,16240,1
17,0.588650162291128,0.4473684210526316,4.953282025276083,750,1
14,0.7559831881085237,0.4,4.664854567403791,598,1
53,0.6991469521618209,0.36551724137931035,11.999225602619523,8777,1
26,0.39913658012140274,0.45614035087719296,6.145154532218385,1590,1
5,0.08768653417974684,0.14285714285714285,1.215732834965504,396,1
10,0.3534029125922947,0.4,2.8795917620012683,294,1
77,0.7045156498166393,0.5877862595419847,16.253371087716044,10807,1
67,0.3826235409359642,0.3621621621621622,12.934461155845145,14195,1
59,0.32665935420683545,0.35542168674698793,11.32655969770423,10494,1
9,0.5206235003536119,0.6923076923076923,3.0779017747422888,117,1
1,0.001272264631043257,0.04,0.14999347245441422,133,1
36,0.8055039621404279,0.4,9.337387774792623,3933,1
3,0.09849448685326548,0.061224489795918366,0.8106277091597327,675,1
76,0.5832826836750106,0.38578680203045684,15.440704382678398,17820,1
2,0.06433823529411764,0.09523809523809523,0.5194303973707526,130,1
9,0.5769171056004911,0.008729388942774006,3.1823036608198105,9279,1
69,0.6272667076832531,0.33495145631067963,14.51712458269226,16356,1
74,1.1163086514647182,0.09414758269720101,17.47454826272544,58164,1
18,0.28056005722878846,0.144,4.229200383585738,4512,1
1,0.001272264631043257,0.022727272727272728,0.14999347245441422,396,1
18,0.2689022537383181,0.15517241379310345,4.089323675008387,2725,1
80,0.5774117350093466,0.3448275862068966,16.106049090396272,23495,1
49,0.44166496996375637,0.2832369942196532,10.293871539984206,8957,1
68,0.5046519261342853,0.35978835978835977,13.513952321992418,15106,1
13,0.17279704602347473,0.18840579710144928,2.9580273656347718,1537,1
53,0.5805021899198539,0.35570469798657717,11.577737820262856,9301,1
37,0.7894313858973461,0.5522388059701493,9.520953223102495,2704,1
56,0.7656988251407071,0.47058823529411764,12.922792860097111,7446,1
93,0.8798488154588845,0.34572490706319703,19.74610220185187,31317,1
13,0.515696702856857,0.5909090909090909,3.9953739149348886,286,1
19,0.35827925444807224,0.3958333333333333,4.730810282534766,1122,1
57,0.42809062480772586,0.2780487804878049,11.53275013384026,15312,1
26,0.3322370704196499,0.25742574257425743,5.9068034264069125,4020,1
17,0.32240618114501074,0.13934426229508196,4.14915344288547,3024,1
22,0.6367161327624865,0.3793103448275862,6.097030776903505,1575,1
42,0.6425165824658128,0.4077669902912621,9.957199499377388,5124,1
33,0.45522550890182856,0.4024390243902439,7.625697424503961,3196,1
35,0.6940937994567743,0.4666666666666667,8.823907478936457,2925,1
34,0.2545038147877287,0.20118343195266272,6.880232536538787,9546,1
80,0.821666053314494,0.5517241379310345,17.088260401800945,12194,1
33,0.31325596173807463,0.1774193548387097,7.0117967423416205,7830,1
8,0.18316909393219827,0.18181818181818182,2.0247786436581703,667,1
15,0.2550907577320471,0.3488372093023256,3.628051355801259,777,1
33,0.6656904156337482,0.5076923076923077,8.38199270146389,2392,1
146,0.8754668433095594,0.7411167512690355,28.461974840131145,29382,1
54,0.4116053552424807,0.40298507462686567,10.951906482761288,8832,1
8,0.1900906003342196,0.18604651162790697,2.081809281218987,410,1
26,0.4172430234862587,0.26,6.191601334119533,2744,1
1,0.0009699321047526673,0.05555555555555555,0.14412784634351633,70,1
15,0.844606865131713,0.46875,5.072887186040445,552,1
38,0.32701109827547287,0.25165562913907286,7.897524395425459,7598,1
129,0.771496256010116,0.5608695652173913,25.12599336000837,30498,1
149,0.9044945972640676,0.7268292682926829,29.100470982028355,31185,1
16,0.3672242366558548,0.26666666666666666,4.1563115237599035,1363,1
26,0.5354787448478382,0.25,6.577117812209001,2856,1
150,0.9021884015601762,0.7246376811594203,29.249491728228495,31680,1
18,0.2599363177083546,0.24324324324324326,4.196582352196781,1891,1
36,0.2940103128538956,0.3076923076923077,7.3430547890885345,5696,1
7,0.329684265010352,0.2,2.2309554890967234,440,1
66,0.5603521109397427,0.36065573770491804,13.683438683610087,15390,1
23,0.30274238464722125,0.16312056737588654,5.239632153827543,6724,1
28,0.3585298487404725,0.208955223880597,6.191134371734212,5040,1
129,0.7776348879142907,0.6323529411764706,25.1549315500286,27020,1
124,0.7213422535493673,0.6262626262626263,24.0239625684078,25137,1
45,0.6337414100040516,0.5,10.467353218871656,4316,1
26,0.3644224882388991,0.29545454545454547,6.008888857356817,2673,1
115,1.1431675782650454,0.452755905511811,24.647211464501524,33768,1
56,0.5083698526324512,0.3971631205673759,11.776841383832984,9702,1
11,0.44403323194938416,0.23404255319148937,3.334498892294332,616,1
7,0.5473978402549832,0.012844036697247707,2.69500849501314,4352,1
57,1.120287999171022,0.41007194244604317,14.23677728091743,8448,1
3,0.06530347289840961,0.11538461538461539,0.7644996804310599,208,1
29,0.39675883813090906,0.3625,6.678999232871939,2914,1
12,0.18189324971520793,0.13043478260869565,2.809212068661758,2560,1
9,0.22968445739926555,0.3333333333333333,2.3791828701609288,320,1
84,0.7543029755325548,0.5185185185185185,17.658960305976667,15113,1
14,0.2207025090456934,0.1794871794871795,3.3347752515150755,1540,1
131,0.7938109935072681,0.6822916666666666,25.58502100279288,25950,1
66,0.5587755292460214,0.4370860927152318,13.665276292403815,11070,1
22,0.4503632502115094,0.3548387096774194,5.585513890689713,1728,1
49,0.6620114104453954,0.44954128440366975,11.298454299749803,5565,1
91,0.5282307723530689,0.4642857142857143,17.622913487777467,17940,1
5,0.5367507699597251,0.625,2.2016441584952657,40,1
100,1.0856624560020651,0.5347593582887701,21.813188134344895,19992,1
17,0.2391318761881885,0.27419354838709675,3.9192157108493504,1378,1
89,0.8087085827561244,0.489010989010989,18.78405120130339,17304,1
68,0.7546489520441934,0.40718562874251496,14.359542134441703,13794,1
59,0.7214425835984423,0.4609375,13.170996844182316,8092,1
16,0.4257042919389372,0.2962962962962963,4.2751554674592676,1104,1
10,0.3706187772012092,0.23809523809523808,2.9151853026147707,612,1
128,0.7762466279170278,0.624390243902439,24.96360172723383,27020,1
31,0.41124419370638887,0.248,7.105714956273304,5795,1
58,1.220076160959071,0.24786324786324787,14.678121277859713,14592,1
46,0.3449392407117848,0.2787878787878788,9.246480073900075,9570,1
24,0.4816824713411421,0.3157894736842105,6.03380032422276,2484,1
5,0.06482019741941189,0.08333333333333333,1.130176970485786,900,1
143,1.2144969869593185,0.5813008130081301,29.740947845907236,37410,1
52,0.7345087278851997,0.4727272727272727,12.108232298933151,6525,1
11,0.10874355120945428,0.09243697478991597,2.3151098555478526,3384,1
83,0.7205553691134656,0.5533333333333333,17.389853730492398,13570,1
13,0.7003045428915547,0.012609117361784675,4.390930746839832,13403,1
50,0.5261155890374263,0.24630541871921183,10.802422064477614,10600,1
30,0.7788040087957342,0.3614457831325301,8.101538788771913,3192,1
81,0.964530317279065,0.47928994082840237,17.97775124525419,14469,1
112,1.3037284120417465,0.10831721470019343,24.420412170775037,118565,1
31,0.5027973033214264,0.31958762886597936,7.416668351965613,3072,1
116,0.669320531536592,0.6203208556149733,22.444916330451708,22770,1
46,0.6947543009775871,0.35658914728682173,10.865638143618936,7276,1
28,0.7139305403579403,0.4444444444444444,7.49421591837047,2070,1
73,0.6596941926310402,0.41954022988505746,15.38055643177015,13770,1
62,0.7969939759186893,0.6138613861386139,14.148149925090554,6642,1
56,0.5508136899515172,0.417910447761194,11.95541460542749,8904,1
109,1.0003983050897407,0.5532994923857868,23.092598783299444,22320,1
32,0.7172979693909137,0.5818181818181818,8.283599655961112,1886,1
25,0.22117298884449327,0.16129032258064516,5.2246181160172895,6075,1
38,0.21486495737993344,0.2087912087912088,7.319391581555095,8256,1
20,0.47910321511459575,0.6896551724137931,5.207030299291164,598,1
41,1.1271062176916327,0.4019607843137255,11.186826496434355,5056,1
20,0.4504949011465185,0.4,5.210539873312088,1221,1
13,0.32931791375542535,0.17567567567567569,3.455436121558788,1890,1
174,1.088116714147053,0.848780487804878,34.17505761954151,35904,1
7,0.1072798503556031,0.08139534883720931,1.6159745249283282,902,1
136,0.8532243780943378,0.6601941747572816,26.731918964783784,28341,1
53,0.848181851236816,0.5047619047619047,12.678036481277346,5757,1
30,0.33504657537366395,0.33707865168539325,6.50992352615429,2890,1
64,0.4392062266650236,0.3018867924528302,12.744216640024018,19040,1
8,0.2176727026300539,0.08888888888888889,2.1142953852033917,2001,1
13,0.1637480941972887,0.17333333333333334,2.9281423473394117,1407,1
23,0.2790488614448494,0.24468085106382978,5.156650263707233,2666,1
99,0.5762410461634576,0.6149068322981367,19.17111856731542,16884,1
23,0.12347750181177643,0.19166666666666668,4.381256244244488,4650,1
7,0.33224656735213653,0.012844036697247707,2.2410553572028604,4352,1
12,0.11198640963411861,0.0967741935483871,2.513359094017475,3468,1
13,0.2541984735004782,0.125,3.2259411951847037,1700,1
27,0.3210761780048881,0.32926829268292684,6.040488813654952,2508,1
121,0.7237063281901643,0.587378640776699,23.54309646789119,25862,1
73,0.6286057090961026,0.4965986394557823,15.227358754546186,12019,1
38,0.9332968195772624,0.475,10.173911800444825,3465,1
1,0.001272264631043257,0.030303030303030304,0.14999347245441422,253,1
17,0.6848388318774193,0.37777777777777777,5.225451522533385,912,1
64,0.3816298133042874,0.3121951219512195,12.435142480436902,15438,1
4,0.0811209867238924,0.14285714285714285,0.9711242300811906,231,1
5,0.5201401891593451,0.2777777777777778,2.0761960008598557,90,1
29,0.3796047107137993,0.2871287128712871,6.610460896538866,3696,1
8,0.4107712462975621,0.2222222222222222,2.5703997957952973,288,1
21,0.20180662022669804,0.11864406779661017,4.417876131330345,5576,1
84,0.7072873486257184,0.5316455696202531,17.485135569743107,14157,1
19,0.265889102487193,0.2261904761904762,4.380532556665697,2272,1
41,0.6804477616928986,0.16666666666666666,9.850552606373057,13620,1
147,0.9042099038998138,0.7135922330097088,28.772251148940533,30880,1
3,0.19395134779750164,0.1875,1.0399264811903388,70,1
124,0.7366687361891177,0.3712574850299401,24.119426367371172,48597,1
6,0.3716466131907308,0.375,2.0757206771528613,112,1
94,0.8624715140989677,0.29012345679012347,19.882367441791345,37597,1
12,0.18570438863244576,0.12244897959183673,2.7579520815826957,2961,1
14,0.22509802721045324,0.18421052631578946,3.2793594732128013,2021,1
8,0.30039426170445205,0.2857142857142857,2.364793988023795,275,1
112,0.653325860585807,0.5308056872037915,21.713911527797283,24600,1
135,0.8114359121934451,0.6923076923076923,26.31347842468112,27176,1
102,0.8269796236260165,0.51,21.000424979497744,22792,1
14,0.3874934764407933,0.013579049466537343,3.8504057727066443,14434,1
82,0.7620090583138487,0.4,17.38179476007472,20352,1
149,0.8985623871985322,0.7163461538461539,29.07349941304647,31482,1
28,0.40372215726978666,0.2222222222222222,6.502095607322705,5145,1
38,0.3965706660787128,0.2992125984251969,8.174467169463183,5400,1
74,1.3043572180178913,0.5211267605633803,17.939874547747078,10935,1
85,0.6772191314343994,0.37610619469026546,17.392871511884067,22540,1
10,0.33191870792677236,0.38461538461538464,2.87434606644919,260,1
15,0.827070524838207,0.6818181818181818,5.09017921636619,340,1
16,0.929368450351068,0.9411764705882353,5.534101803681375,272,1
36,0.4732742858207649,0.36,8.22974744146628,4560,1
49,0.352120004590219,0.23902439024390243,9.827455042835782,12408,1
11,0.35274010391203153,0.22916666666666666,3.1094324879730633,660,1
74,0.6124123747229048,0.22560975609756098,15.362542510537141,33005,1
58,0.9688644799174448,0.5043478260869565,13.92749900904609,7426,1
69,0.5750794478547014,0.5433070866141733,14.345986949993787,9568,1
63,0.4965001525969396,0.45,12.933150867449852,10246,1
16,0.12605637548639717,0.0935672514619883,3.2754241225568648,5202,1
45,0.3751775715781752,0.2631578947368421,9.335397025280438,10703,1
51,0.2776127250886414,0.3,9.751086206757241,11454,1
19,0.793977632453576,0.8636363636363636,5.94866026547319,420,1
165,1.0331247474998302,0.7932692307692307,32.393924698479175,34650,1
7,0.1133229453730188,0.046052631578947366,1.6300916948468407,6210,1
12,0.20284334884741864,0.17391304347826086,2.879998755617391,1484,1
158,1.315541391294661,0.6810344827586207,32.76386567971853,37989,1
53,0.725242863877247,0.4608695652173913,12.225315069776695,6956,1
40,0.6570457422499403,0.2962962962962963,9.618899487858398,6954,1
76,0.614086469325521,0.5390070921985816,15.61672919065613,11682,1
82,0.6781039730841046,0.3504273504273504,17.0290289282903,23115,1
200,1.4352767947310223,0.26595744680851063,40.11095568742766,150951,1
149,0.9427294487331113,0.43440233236151604,29.316307777191703,58491,1
17,0.28905594646436167,0.17525773195876287,4.077525631357789,2349,1
37,0.42405932300502813,0.36633663366336633,8.147310691584599,4232,1
48,0.6271721766776156,0.384,10.991626719032752,7372,1
65,0.4365020888411271,0.3651685393258427,12.910574888863636,14420,1
20,0.43849118429360456,0.02544529262086514,5.12474438573422,15720,1
67,0.5870262473830683,0.5114503816793893,13.953559366268127,9785,1
109,0.6376469553949026,0.5265700483091788,21.145497222091137,22848,1
143,0.9239642811186818,0.6589861751152074,28.145511951896342,31724,1
108,0.849236173072156,0.5242718446601942,22.139312518613472,23865,1
18,0.5514841773726178,0.36,5.043307620240594,1035,1
53,0.6777501864323734,0.49074074074074076,12.080726360885613,6478,1
4,0.28567906452521835,0.25,1.4571867556604237,96,1
89,0.8205044852876732,0.29372937293729373,18.811033543342706,29391,1
72,0.6173284473558801,0.3582089552238806,14.966836557993279,15876,1
48,0.6542560100429902,0.34782608695652173,11.072219512585924,7280,1
85,0.7714918777267432,0.46703296703296704,17.82208471383779,17766,1
59,0.3270553008527821,0.2796208530805687,11.328878611669042,13464,1
41,0.5118083016660443,0.38317757009345793,9.280627969751116,5251,1
0,0,0.0,0,2898,0
0,0,0.0,0,1073,0
1,0.0009699321047526673,0.002631578947368421,0.14412784634351633,12420,0
0,0,0.0,0,174,0
0,0,0.0,0,630,0
0,0,0.0,0,165,0
0,0,0.0,0,21,0
0,0,0.0,0,594,0
0,0,0.0,0,2,0
0,0,0.0,0,1206,0
0,0,0.0,0,930,0
0,0,0.0,0,365,0
0,0,0.0,0,194,0
0,0,0.0,0,2247,0
0,0,0.0,0,450,0
0,0,0.0,0,450,0
0,0,0.0,0,288,0
0,0,0.0,0,2890,0
0,0,0.0,0,13140,0
0,0,0.0,0,1620,0
0,0,0.0,0,4158,0
0,0,0.0,0,75,0
0,0,0.0,0,495,0
0,0,0.0,0,276,0
0,0,0.0,0,204,0
0,0,0.0,0,720,0
0,0,0.0,0,4118,0
0,0,0.0,0,200,0
0,0,0.0,0,10350,0
3,0.03295358173229345,0.030612244897959183,0.6246710119584353,2340,0
0,0,0.0,0,165,0
0,0,0.0,0,1608,0
1,0.001272264631043257,0.0136986301369863,0.14999347245441422,345,0
8,0.08086064753774673,0.1038961038961039,1.704229399076989,1534,0
0,0,0.0,0,3128,0
1,0.0009699321047526673,0.015384615384615385,0.14412784634351633,1088,0
0,0,0.0,0,708,0
0,0,0.0,0,1032,0
0,0,0.0,0,840,0
0,0,0.0,0,1450,0
0,0,0.0,0,725,0
0,0,0.0,0,1960,0
0,0,0.0,0,3230,0
0,0,0.0,0,1144,0
0,0,0.0,0,1584,0
0,0,0.0,0,300,0
0,0,0.0,0,336,0
1,0.001272264631043257,0.015151515151515152,0.14999347245441422,310,0
0,0,0.0,0,26,0
0,0,0.0,0,6901,0
0,0,0.0,0,444,0
0,0,0.0,0,180,0
0,0,0.0,0,228,0
0,0,0.0,0,708,0
0,0,0.0,0,2465,0
0,0,0.0,0,378,0
0,0,0.0,0,2016,0
0,0,0.0,0,954,0
0,0,0.0,0,259,0
0,0,0.0,0,740,0
1,0.0009699321047526673,0.01098901098901099,0.14412784634351633,1540,0
0,0,0.0,0,345,0
0,0,0.0,0,336,0
0,0,0.0,0,74,0
1,0.0009699321047526673,0.020833333333333332,0.14412784634351633,444,0
0,0,0.0,0,740,0
0,0,0.0,0,4,0
0,0,0.0,0,3885,0
0,0,0.0,0,1978,0
0,0,0.0,0,1200,0
1,0.001272264631043257,0.0196078431372549,0.14999347245441422,576,0
1,0.001272264631043257,0.024390243902439025,0.14999347245441422,216,0
0,0,0.0,0,168,0
0,0,0.0,0,2160,0
0,0,0.0,0,1694,0
0,0,0.0,0,2760,0
1,0.001838235294117647,0.09090909090909091,0.1587566371485117,35,0
0,0,0.0,0,903,0
0,0,0.0,0,1239,0
0,0,0.0,0,25488,0
0,0,0.0,0,1976,0
0,0,0.0,0,1254,0
0,0,0.0,0,1045,0
2,0.005871892889066393,0.010101010101010102,0.33216422031730997,7084,0
0,0,0.0,0,138,0
0,0,0.0,0,24,0
0,0,0.0,0,270,0
0,0,0.0,0,637,0
0,0,0.0,0,519,0
0,0,0.0,0,363,0
0,0,0.0,0,8550,0
0,0,0.0,0,65,0
1,0.001272264631043257,0.010526315789473684,0.14999347245441422,1943,0
0,0,0.0,0,2135,0
0,0,0.0,0,156,0
0,0,0.0,0,126,0
0,0,0.0,0,144,0
0,0,0.0,0,288,0
0,0,0.0,0,45,0
0,0,0.0,0,312,0
0,0,0.0,0,286,0
0,0,0.0,0,364,0
1,0.001272264631043257,0.01282051282051282,0.14999347245441422,1008,0
1,0.001272264631043257,0.012658227848101266,0.14999347245441422,1071,0
0,0,0.0,0,153,0
1,0.001272264631043257,0.023809523809523808,0.14999347245441422,372,0
0,0,0.0,0,11040,0
0,0,0.0,0,1372,0
1,0.001272264631043257,0.024390243902439025,0.14999347245441422,416,0
0,0,0.0,0,1144,0
0,0,0.0,0,300,0
1,0.001272264631043257,0.007692307692307693,0.14999347245441422,4284,0
0,0,0.0,0,124,0
2,0.005754621099967978,0.017857142857142856,0.33131194094265504,1649,0
0,0,0.0,0,776,0
0,0,0.0,0,798,0
0,0,0.0,0,570,0
0,0,0.0,0,77,0
0,0,0.0,0,33,0
0,0,0.0,0,1133,0
20,0.13173095702877569,0.12903225806451613,3.883671061212067,5004,0
0,0,0.0,0,4865,0
1,0.0009699321047526673,0.018518518518518517,0.14412784634351633,414,0
0,0,0.0,0,1330,0
0,0,0.0,0,1715,0
0,0,0.0,0,36,0
0,0,0.0,0,182,0
0,0,0.0,0,7548,0
0,0,0.0,0,819,0
0,0,0.0,0,180,0
0,0,0.0,0,6579,0
1,0.0009699321047526673,0.010101010101010102,0.14412784634351633,2451,0
13,0.27312588969788903,0.18309859154929578,3.2136006215285664,1440,0
109,0.6209656573862189,0.5828877005347594,21.044211272889143,21804,0
0,0,0.0,0,2370,0
0,0,0.0,0,18960,0
0,0,0.0,0,1428,0
0,0,0.0,0,248,0
0,0,0.0,0,8,0
0,0,0.0,0,20955,0
0,0,0.0,0,2277,0
0,0,0.0,0,330,0
0,0,0.0,0,2156,0
0,0,0.0,0,252,0
0,0,0.0,0,102,0
1,0.001838235294117647,0.027777777777777776,0.1587566371485117,340,0
0,0,0.0,0,235,0
0,0,0.0,0,1150,0
0,0,0.0,0,182,0
0,0,0.0,0,546,0
0,0,0.0,0,6020,0
0,0,0.0,0,60,0
0,0,0.0,0,320,0
0,0,0.0,0,3172,0
0,0,0.0,0,9044,0
0,0,0.0,0,315,0
3,0.01915322620329963,0.01818181818181818,0.5691538757022954,7020,0
1,0.0013315579227696406,0.004464285714285714,0.1510253339838152,7106,0
0,0,0.0,0,17632,0
0,0,0.0,0,570,0
0,0,0.0,0,1519,0
0,0,0.0,0,1026,0
0,0,0.0,0,8989,0
1,0.0009699321047526673,0.01,0.14412784634351633,2340,0
0,0,0.0,0,390,0
0,0,0.0,0,96,0
0,0,0.0,0,64,0
0,0,0.0,0,480,0
0,0,0.0,0,18,0
1,0.006535947712418301,0.005681818181818182,0.19878985003420896,7452,0
0,0,0.0,0,48,0
0,0,0.0,0,152,0
0,0,0.0,0,96,0
0,0,0.0,0,1320,0
0,0,0.0,0,495,0
0,0,0.0,0,378,0
0,0,0.0,0,45,0
0,0,0.0,0,322,0
0,0,0.0,0,1845,0
0,0,0.0,0,450,0
0,0,0.0,0,3744,0
0,0,0.0,0,1026,0
1,0.0043859649122807015,0.16666666666666666,0.18418425871932848,12,0
0,0,0.0,0,368,0
1,0.0013315579227696406,0.01282051282051282,0.1510253339838152,1428,0
0,0,0.0,0,276,0
0,0,0.0,0,260,0
0,0,0.0,0,740,0
0,0,0.0,0,711,0
0,0,0.0,0,2352,0
0,0,0.0,0,126,0
0,0,0.0,0,3216,0
0,0,0.0,0,506,0
0,0,0.0,0,900,0
0,0,0.0,0,1440,0
0,0,0.0,0,30,0
0,0,0.0,0,3850,0
0,0,0.0,0,288,0
0,0,0.0,0,20,0
0,0,0.0,0,310,0
2,0.04672681008558871,0.4,0.47350892560308666,10,0
0,0,0.0,0,10915,0
0,0,0.0,0,112,0
0,0,0.0,0,2057,0
0,0,0.0,0,12,0
0,0,0.0,0,123,0
0,0,0.0,0,2000,0
0,0,0.0,0,484,0
2,0.015171568627450982,0.08,0.3903727930482285,182,0
0,0,0.0,0,440,0
0,0,0.0,0,1080,0
0,0,0.0,0,3519,0
0,0,0.0,0,1836,0
0,0,0.0,0,2870,0
0,0,0.0,0,224,0
0,0,0.0,0,91,0
0,0,0.0,0,100,0
0,0,0.0,0,80,0
0,0,0.0,0,60,0
0,0,0.0,0,8,0
0,0,0.0,0,3960,0
0,0,0.0,0,340,0
1,0.001272264631043257,0.012658227848101266,0.14999347245441422,1431,0
1,0.001838235294117647,0.038461538461538464,0.1587566371485117,182,0
0,0,0.0,0,104,0
0,0,0.0,0,520,0
0,0,0.0,0,84,0
0,0,0.0,0,882,0
2,0.032219932104752665,0.03571428571428571,0.432666854521309,760,0
0,0,0.0,0,21714,0
0,0,0.0,0,4862,0
0,0,0.0,0,308,0
25,0.3018559697984199,0.32051282051282054,5.596500852970598,2652,0
0,0,0.0,0,420,0
0,0,0.0,0,186,0
3,0.030981002495120927,0.024390243902439025,0.621378037181524,1368,0
1,0.0009699321047526673,0.006535947712418301,0.14412784634351633,4248,0
0,0,0.0,0,390,0
0,0,0.0,0,299,0
3,0.008252304597099417,0.010273972602739725,0.5039834759534733,20886,0
2,0.04039991838400327,0.06666666666666667,0.4919098269990101,112,0
0,0,0.0,0,361,0
1,0.006329113924050633,0.025,0.19752715622645642,418,0
7,0.11181388029811791,0.08235294117647059,1.6449157500403624,2091,0
0,0,0.0,0,378,0
0,0,0.0,0,133,0
0,0,0.0,0,180,0
0,0,0.0,0,434,0
0,0,0.0,0,10688,0
1,0.001838235294117647,0.08333333333333333,0.1587566371485117,30,0
0,0,0.0,0,1224,0
0,0,0.0,0,1536,0
1,0.001272264631043257,0.010752688172043012,0.14999347245441422,1953,0
0,0,0.0,0,3816,0
0,0,0.0,0,20790,0
0,0,0.0,0,990,0
0,0,0.0,0,2790,0
10,0.047724853273505466,0.05319148936170213,1.858240479785092,4025,0
1,0.0009699321047526673,0.0078125,0.14412784634351633,3104,0
0,0,0.0,0,1404,0
0,0,0.0,0,6493,0
3,0.010581937527980222,0.009316770186335404,0.5215581375682863,25414,0
0,0,0.0,0,776,0
1,0.0009699321047526673,0.06666666666666667,0.14412784634351633,64,0
1,0.001272264631043257,0.02857142857142857,0.14999347245441422,260,0
1,0.0009699321047526673,0.007633587786259542,0.14412784634351633,260,0
1,0.0009699321047526673,0.011904761904761904,0.14412784634351633,1596,0
1,0.0009699321047526673,0.006024096385542169,0.14412784634351633,5166,0
0,0,0.0,0,1848,0
0,0,0.0,0,95,0
0,0,0.0,0,210,0
0,0,0.0,0,1710,0
0,0,0.0,0,1826,0
1,0.0009699321047526673,0.01818181818181818,0.14412784634351633,768,0
0,0,0.0,0,774,0
0,0,0.0,0,300,0
0,0,0.0,0,160,0
0,0,0.0,0,825,0
0,0,0.0,0,864,0
15,0.09367699313422675,0.09146341463414634,2.9145486702634424,5460,0
1,0.001838235294117647,0.025,0.1587566371485117,390,0
0,0,0.0,0,300,0
0,0,0.0,0,35,0
0,0,0.0,0,2912,0
0,0,0.0,0,1659,0
2,0.0057318368666574296,0.007142857142857143,0.3311448446468628,9477,0
0,0,0.0,0,391,0
0,0,0.0,0,4095,0
0,0,0.0,0,437,0
3,0.05053970389674668,0.03260869565217391,0.6496911448175563,1950,0
2,0.084303265438086,0.019801980198019802,0.546557450725361,2470,0
0,0,0.0,0,308,0
0,0,0.0,0,2280,0
0,0,0.0,0,1920,0
0,0,0.0,0,148,0
0,0,0.0,0,666,0
0,0,0.0,0,204,0
0,0,0.0,0,10404,0
0,0,0.0,0,3248,0
1,0.0013315579227696406,0.015151515151515152,0.1510253339838152,616,0
0,0,0.0,0,216,0
0,0,0.0,0,88,0
0,0,0.0,0,720,0
0,0,0.0,0,51,0
0,0,0.0,0,3596,0
0,0,0.0,0,660,0
0,0,0.0,0,66,0
0,0,0.0,0,256,0
0,0,0.0,0,624,0
0,0,0.0,0,5200,0
0,0,0.0,0,642,0
0,0,0.0,0,185,0
0,0,0.0,0,493,0
0,0,0.0,0,38,0
0,0,0.0,0,498,0
0,0,0.0,0,1216,0
0,0,0.0,0,468,0
0,0,0.0,0,119,0
0,0,0.0,0,522,0
0,0,0.0,0,950,0
1,0.001838235294117647,0.06666666666666667,0.1587566371485117,39,0
0,0,0.0,0,2952,0
0,0,0.0,0,1577,0
0,0,0.0,0,83,0
0,0,0.0,0,286,0
0,0,0.0,0,294,0
0,0,0.0,0,200,0
1,0.001838235294117647,0.05555555555555555,0.1587566371485117,18,0
0,0,0.0,0,144,0
0,0,0.0,0,410,0
0,0,0.0,0,3712,0
0,0,0.0,0,147,0
0,0,0.0,0,260,0
0,0,0.0,0,4650,0
1,0.001838235294117647,0.05555555555555555,0.1587566371485117,60,0
0,0,0.0,0,405,0
0,0,0.0,0,540,0
0,0,0.0,0,585,0
0,0,0.0,0,832,0
0,0,0.0,0,2992,0
0,0,0.0,0,540,0
0,0,0.0,0,630,0
0,0,0.0,0,247,0
1,0.0009699321047526673,0.017543859649122806,0.14412784634351633,357,0
0,0,0.0,0,208,0
0,0,0.0,0,805,0
0,0,0.0,0,2673,0
0,0,0.0,0,4941,0
31,0.16970040141336634,0.19375,5.923245463573837,8910,0
0,0,0.0,0,16632,0
0,0,0.0,0,8134,0
0,0,0.0,0,290,0
0,0,0.0,0,1050,0
0,0,0.0,0,2119,0
0,0,0.0,0,5292,0
0,0,0.0,0,126,0
0,0,0.0,0,37,0
0,0,0.0,0,31,0
0,0,0.0,0,1445,0
2,0.009234394914670024,0.02631578947368421,0.3526440420556395,1520,0
0,0,0.0,0,116,0
0,0,0.0,0,45,0
0,0,0.0,0,495,0
0,0,0.0,0,3745,0
0,0,0.0,0,1794,0
0,0,0.0,0,2392,0
0,0,0.0,0,1254,0
0,0,0.0,0,180,0
0,0,0.0,0,297,0
5,0.20199720749676,0.11904761904761904,1.4830199345445996,462,0
0,0,0.0,0,45,0
0,0,0.0,0,2655,0
0,0,0.0,0,1530,0
0,0,0.0,0,525,0
1,0.001272264631043257,0.012987012987012988,0.14999347245441422,152,0
0,0,0.0,0,1533,0
0,0,0.0,0,276,0
0,0,0.0,0,470,0
0,0,0.0,0,2380,0
5,0.06843770788866704,0.11904761904761904,1.1563129368919087,522,0
0,0,0.0,0,3003,0
0,0,0.0,0,4440,0
0,0,0.0,0,640,0
0,0,0.0,0,8320,0
0,0,0.0,0,108,0
0,0,0.0,0,440,0
0,0,0.0,0,840,0
1,0.0013315579227696406,0.005780346820809248,0.1510253339838152,4865,0
0,0,0.0,0,169,0
0,0,0.0,0,32,0
0,0,0.0,0,60,0
1,0.0009699321047526673,0.043478260869565216,0.14412784634351633,135,0
0,0,0.0,0,312,0
0,0,0.0,0,8260,0
0,0,0.0,0,4200,0
1,0.0013315579227696406,0.006024096385542169,0.1510253339838152,3780,0
0,0,0.0,0,20,0
0,0,0.0,0,240,0
0,0,0.0,0,9900,0
0,0,0.0,0,6698,0
0,0,0.0,0,3248,0
0,0,0.0,0,1460,0
5,0.05536352588162228,0.11363636363636363,1.0640690153635535,490,0
0,0,0.0,0,495,0
0,0,0.0,0,740,0
0,0,0.0,0,534,0
0,0,0.0,0,8,0
2,0.006707902008791147,0.016666666666666666,0.3423855476409845,3712,0
0,0,0.0,0,290,0
0,0,0.0,0,22,0
0,0,0.0,0,154,0
0,0,0.0,0,66,0
0,0,0.0,0,1792,0
0,0,0.0,0,792,0
0,0,0.0,0,238,0
0,0,0.0,0,2904,0
0,0,0.0,0,1302,0
0,0,0.0,0,98,0
0,0,0.0,0,5248,0
0,0,0.0,0,60,0
0,0,0.0,0,1836,0
0,0,0.0,0,200,0
0,0,0.0,0,90,0
0,0,0.0,0,247,0
0,0,0.0,0,1955,0
0,0,0.0,0,527,0
0,0,0.0,0,306,0
1,0.0009699321047526673,0.016666666666666666,0.14412784634351633,874,0
1,0.0009699321047526673,0.023809523809523808,0.14412784634351633,82,0
0,0,0.0,0,2875,0
2,0.011910562503383681,0.04081632653061224,0.37009805468457313,648,0
0,0,0.0,0,1026,0
0,0,0.0,0,9600,0
0,0,0.0,0,9169,0
0,0,0.0,0,468,0
0,0,0.0,0,768,0
1,0.0009699321047526673,0.027777777777777776,0.14412784634351633,232,0
1,0.0043859649122807015,0.03333333333333333,0.18418425871932848,130,0
0,0,0.0,0,1300,0
1,0.0013315579227696406,0.022222222222222223,0.1510253339838152,429,0
1,0.004405286343612335,0.011904761904761904,0.1843334955672572,1596,0
0,0,0.0,0,280,0
0,0,0.0,0,504,0
0,0,0.0,0,195,0
0,0,0.0,0,1616,0
29,0.5803200362631983,0.4084507042253521,7.354039250567441,2475,0
1,0.001838235294117647,0.05263157894736842,0.1587566371485117,84,0
0,0,0.0,0,1680,0
1,0.0013315579227696406,0.017857142857142856,0.1510253339838152,656,0
0,0,0.0,0,1974,0
0,0,0.0,0,1410,0
0,0,0.0,0,88,0
1,0.0009699321047526673,0.016129032258064516,0.14412784634351633,980,0
0,0,0.0,0,738,0
1,0.0009699321047526673,0.006802721088435374,0.14412784634351633,5035,0
0,0,0.0,0,1387,0
0,0,0.0,0,148,0
0,0,0.0,0,312,0
0,0,0.0,0,2356,0
1,0.002898550724637681,0.037037037037037035,0.17112901496657407,160,0
0,0,0.0,0,5280,0
0,0,0.0,0,42,0
0,0,0.0,0,1300,0
0,0,0.0,0,990,0
0,0,0.0,0,638,0
88,0.8505291003541576,0.46808510638297873,18.757258297001783,16928,0
0,0,0.0,0,480,0
0,0,0.0,0,435,0
0,0,0.0,0,660,0
0,0,0.0,0,115,0
0,0,0.0,0,1161,0
1,0.001838235294117647,0.030303030303030304,0.1587566371485117,64,0
0,0,0.0,0,114,0
0,0,0.0,0,36,0
0,0,0.0,0,1701,0
0,0,0.0,0,279,0
0,0,0.0,0,1140,0
0,0,0.0,0,945,0
0,0,0.0,0,1296,0
0,0,0.0,0,432,0
0,0,0.0,0,952,0
1,0.001272264631043257,0.041666666666666664,0.14999347245441422,144,0
0,0,0.0,0,1334,0
0,0,0.0,0,29,0
0,0,0.0,0,2300,0
1,0.0009699321047526673,0.005076142131979695,0.14412784634351633,7400,0
0,0,0.0,0,561,0
0,0,0.0,0,162,0
0,0,0.0,0,620,0
1,0.001838235294117647,0.010101010101010102,0.1587566371485117,2464,0
0,0,0.0,0,1236,0
1,0.001272264631043257,0.01282051282051282,0.14999347245441422,300,0
0,0,0.0,0,68,0
0,0,0.0,0,224,0
1,0.001272264631043257,0.008130081300813009,0.14999347245441422,3588,0
1,0.001272264631043257,0.012195121951219513,0.14999347245441422,1612,0
0,0,0.0,0,28,0
0,0,0.0,0,56,0
0,0,0.0,0,63,0
0,0,0.0,0,576,0
0,0,0.0,0,1144,0
0,0,0.0,0,90,0
0,0,0.0,0,1020,0
0,0,0.0,0,308,0
0,0,0.0,0,90,0
0,0,0.0,0,56,0
0,0,0.0,0,810,0
0,0,0.0,0,46,0
0,0,0.0,0,112,0
0,0,0.0,0,840,0
0,0,0.0,0,165,0
0,0,0.0,0,184,0
0,0,0.0,0,23200,0
1,0.0013315579227696406,0.004807692307692308,0.1510253339838152,6630,0
0,0,0.0,0,189,0
0,0,0.0,0,140,0
0,0,0.0,0,98,0
0,0,0.0,0,442,0
0,0,0.0,0,4472,0
0,0,0.0,0,697,0
0,0,0.0,0,1881,0
0,0,0.0,0,90,0
0,0,0.0,0,875,0
0,0,0.0,0,132,0
0,0,0.0,0,13944,0
0,0,0.0,0,192,0
0,0,0.0,0,132,0
0,0,0.0,0,68,0
0,0,0.0,0,484,0
0,0,0.0,0,480,0
0,0,0.0,0,24,0
0,0,0.0,0,525,0
0,0,0.0,0,15257,0
0,0,0.0,0,15933,0
1,0.0009699321047526673,0.0012330456226880395,0.14412784634351633,20436,0
0,0,0.0,0,2400,0
0,0,0.0,0,414,0
0,0,0.0,0,2465,0
0,0,0.0,0,261,0
0,0,0.0,0,147,0
0,0,0.0,0,70,0
1,0.001838235294117647,0.06666666666666667,0.1587566371485117,48,0
0,0,0.0,0,18,0
0,0,0.0,0,119,0
0,0,0.0,0,456,0
0,0,0.0,0,825,0
0,0,0.0,0,2010,0
0,0,0.0,0,444,0
0,0,0.0,0,680,0
0,0,0.0,0,4154,0
0,0,0.0,0,1085,0
0,0,0.0,0,3906,0
0,0,0.0,0,341,0
0,0,0.0,0,1932,0
0,0,0.0,0,7,0
0,0,0.0,0,201,0
0,0,0.0,0,96,0
0,0,0.0,0,780,0
0,0,0.0,0,294,0
0,0,0.0,0,396,0
0,0,0.0,0,1734,0
0,0,0.0,0,136,0
0,0,0.0,0,36,0
0,0,0.0,0,270,0
0,0,0.0,0,2838,0
0,0,0.0,0,806,0
0,0,0.0,0,1376,0
0,0,0.0,0,2501,0
2,0.005375218448365002,0.021052631578947368,0.32846134191077353,2296,0
0,0,0.0,0,104,0
0,0,0.0,0,46,0
0,0,0.0,0,225,0
0,0,0.0,0,1212,0
0,0,0.0,0,168,0
0,0,0.0,0,776,0
0,0,0.0,0,4876,0
0,0,0.0,0,480,0
0,0,0.0,0,1394,0
0,0,0.0,0,756,0
0,0,0.0,0,1188,0
0,0,0.0,0,119,0
1,0.001838235294117647,0.03125,0.1587566371485117,260,0
0,0,0.0,0,561,0
0,0,0.0,0,576,0
0,0,0.0,0,315,0
0,0,0.0,0,504,0
0,0,0.0,0,297,0
0,0,0.0,0,4116,0
0,0,0.0,0,1127,0
0,0,0.0,0,90,0
0,0,0.0,0,637,0
0,0,0.0,0,1580,0
0,0,0.0,0,2660,0
0,0,0.0,0,234,0
0,0,0.0,0,592,0
0,0,0.0,0,222,0
0,0,0.0,0,114,0
0,0,0.0,0,5480,0
0,0,0.0,0,468,0
0,0,0.0,0,551,0
0,0,0.0,0,65,0
0,0,0.0,0,699,0
0,0,0.0,0,1122,0
0,0,0.0,0,660,0
0,0,0.0,0,30,0
0,0,0.0,0,180,0
0,0,0.0,0,627,0
0,0,0.0,0,210,0
0,0,0.0,0,12,0
0,0,0.0,0,1836,0
0,0,0.0,0,2058,0
0,0,0.0,0,532,0
0,0,0.0,0,3132,0
0,0,0.0,0,7857,0
0,0,0.0,0,644,0
0,0,0.0,0,2793,0
0,0,0.0,0,2752,0
0,0,0.0,0,496,0
0,0,0.0,0,19,0
0,0,0.0,0,1692,0
0,0,0.0,0,48,0
0,0,0.0,0,2730,0
0,0,0.0,0,528,0
0,0,0.0,0,399,0
0,0,0.0,0,120,0
0,0,0.0,0,194,0
0,0,0.0,0,104,0
0,0,0.0,0,4422,0
1,0.0009699321047526673,0.01639344262295082,0.14412784634351633,912,0
0,0,0.0,0,66,0
1,0.0009699321047526673,0.008849557522123894,0.14412784634351633,2960,0
0,0,0.0,0,360,0
0,0,0.0,0,380,0
0,0,0.0,0,468,0
0,0,0.0,0,345,0
0,0,0.0,0,600,0
0,0,0.0,0,264,0
0,0,0.0,0,414,0
0,0,0.0,0,369,0
0,0,0.0,0,560,0
0,0,0.0,0,4576,0
0,0,0.0,0,705,0
0,0,0.0,0,204,0
0,0,0.0,0,24,0
0,0,0.0,0,18,0
0,0,0.0,0,135,0
1,0.001272264631043257,0.03225806451612903,0.14999347245441422,156,0
0,0,0.0,0,441,0
0,0,0.0,0,144,0
0,0,0.0,0,637,0
0,0,0.0,0,48,0
0,0,0.0,0,975,0
0,0,0.0,0,12,0
0,0,0.0,0,481,0
0,0,0.0,0,96,0
0,0,0.0,0,1716,0
0,0,0.0,0,336,0
0,0,0.0,0,3034,0
0,0,0.0,0,52,0
0,0,0.0,0,117,0
0,0,0.0,0,2376,0
0,0,0.0,0,1040,0
0,0,0.0,0,40,0
0,0,0.0,0,2148,0
0,0,0.0,0,120,0
0,0,0.0,0,112,0
0,0,0.0,0,990,0
0,0,0.0,0,4819,0
0,0,0.0,0,2964,0
0,0,0.0,0,96,0
1,0.0009699321047526673,0.012345679012345678,0.14412784634351633,1672,0
0,0,0.0,0,920,0
0,0,0.0,0,768,0
1,0.0013315579227696406,0.005988023952095809,0.1510253339838152,1872,0
0,0,0.0,0,680,0
0,0,0.0,0,325,0
0,0,0.0,0,2160,0
0,0,0.0,0,120,0
0,0,0.0,0,24,0
0,0,0.0,0,4662,0
1,0.0009699321047526673,0.07142857142857142,0.14412784634351633,36,0
0,0,0.0,0,2227,0
0,0,0.0,0,7238,0
0,0,0.0,0,260,0
0,0,0.0,0,684,0
0,0,0.0,0,572,0
0,0,0.0,0,1225,0
0,0,0.0,0,1970,0
0,0,0.0,0,540,0
0,0,0.0,0,48,0
0,0,0.0,0,72,0
0,0,0.0,0,340,0
0,0,0.0,0,960,0
0,0,0.0,0,776,0
0,0,0.0,0,58,0
0,0,0.0,0,195,0
0,0,0.0,0,1444,0
4,0.015446549201415964,0.0136986301369863,0.7066393240846938,21615,0
0,0,0.0,0,1833,0
1,0.0009699321047526673,0.007246376811594203,0.14412784634351633,1524,0
1,0.001272264631043257,0.014285714285714285,0.14999347245441422,840,0
0,0,0.0,0,40,0
1,0.0009699321047526673,0.009174311926605505,0.14412784634351633,721,0
0,0,0.0,0,182,0
0,0,0.0,0,1800,0
